,train loss,train accuracy,validation accuracy
0,150.99078369140625,0.1800738007380074,0.20776031434184675
